Parameter,meaning,unit,source,extracted,fixed,optimized,initial,bounds,recovered_value_not_original,boundary
Lls,定子漏感,H,历史常数；workflow多配置L_sigma/2,见来源；V3运行时不提取,否,是,0.0255,"[0.001275, 0.51]",0.0328821107802,未触边
Csw,绕组/匝间等效电容,F,历史常数；workflow由fr/CsfHF/Lls解析,见来源；V3运行时不提取,否,是,1.012e-09,"[5.06e-11, 2.024e-08]",6.33931810872e-10,未触边
Rsw,绕组高频损耗,Ω,历史常数；workflow由Zmax/Rcore/Llr解析,见来源；V3运行时不提取,否,是,13437,"[134.37, 1343700]",14312.6562957,未触边
Llr,转子漏感,H,历史常数；workflow多配置L_sigma/2,见来源；V3运行时不提取,否,是,0.0255,"[0.001275, 0.51]",0.013802542428,未触边
Rrs,Rr/s等效项（工况待证）,Ω,历史低频拟合28；workflow fit_rr或回退,见来源；V3运行时不提取,否,是,28,"[0.28, 2800]",2800,触边
Rcore,铁损等效电阻,Ω,6300 hp^(-0.6958)初值，随后优化,见来源；V3运行时不提取,否,是,4751,"[47.51, 475100]",5262.3904419,未触边
Lm,励磁电感,H,历史估计0.055；workflow Lm提取或回退,见来源；V3运行时不提取,否,是,0.055,"[0.00275, 1.1]",0.020688192716,未触边
nLls,独立首段小电感；不等同已证etaLls,H,手工小初值，eta公式未注入,见来源；V3运行时不提取,否,是,1.7806e-10,"[8.903e-12, 3.5612e-09]",5.73491201551e-11,未触边
Csf,高频绕组-机壳等效电容,F,历史CsfHF；workflow单相平台中位数,见来源；V3运行时不提取,否,是,2.461e-10,"[1.2305e-11, 4.922e-09]",3.46130474867e-10,未触边
Rsf,机壳路径损耗,Ω,(2/3)Zanti初值，随后优化,见来源；V3运行时不提取,否,是,2740,"[27.4, 274000]",27.4,触边
Csf0,中性点/地等效电容,F,历史固定7.38e-10；workflow LF−3HF,见来源；V3运行时不提取,否,是,7.38e-10,"[3.69e-11, 1.476e-08]",4.83230084913e-11,未触边
Lad,端口附加电感,H,手工1.3e-7,见来源；V3运行时不提取,否,是,1.3e-07,"[6.5e-09, 2.6e-06]",1.18312180297e-07,未触边
Cad_lad,与Rad串联后并联Lad的电容,F,手工1e-11,见来源；V3运行时不提取,否,是,1e-11,"[5e-13, 2e-10]",1.13139837968e-11,未触边
Rad_lad,附加RC支路阻尼,Ω,手工120,见来源；V3运行时不提取,否,是,120,"[1.2, 12000]",242.424835554,未触边
