Freq,Z_re_recovered,Z_im_recovered
100.0,13.238099452876687,50.488201127273314
100.873,13.241318939551629,50.92895061318354
101.754,13.244596293375622,51.37373870988829
102.643,13.247932290425714,51.82256540540101
103.539,13.251323912061588,52.27492582115376
104.443,13.25477568378624,52.731324811808996
105.355,13.258288401913532,53.19176236466385
106.275,13.261862869795872,53.656238466762716
107.203,13.265499897823874,54.12475310489348
108.139,13.269200303426075,54.59730626558397
109.083,13.272964911068591,55.073897935098096
110.036,13.276798592479082,55.55503296282815
110.997,13.28069821649165,56.040206470201966
111.966,13.284664629563517,56.52941844264557
112.944,13.288702832161729,57.02317372732625
113.93,13.292809610194107,57.52096744613734
114.925,13.296990051798426,58.02330444469337
115.928,13.301240886361313,58.529679845208314
116.941,13.30557158463256,59.041103351765095
117.962,13.309974599452932,59.556565225824244
118.992,13.314455199028398,60.0765703097142
120.031,13.319014403921228,60.60111858482934
121.079,13.323653243597079,61.13021003219669
122.136,13.328372756424482,61.66384463247086
123.203,13.333178513228203,62.20252722281103
124.279,13.33806712558144,62.74575292509831
125.364,13.34303965954832,63.29352171880775
126.459,13.348101833161003,63.84633843817829
127.563,13.353250168225037,64.40369820554169
128.677,13.358490482973753,64.96610585309995
129.8,13.3638192379831,65.53305650349462
130.934,13.369247160399103,66.10555983954087
132.077,13.374765924719753,66.68260613021553
133.231,13.380386446482373,67.26520505484238
134.394,13.386100254274483,67.85234688395093
135.567,13.391913477551,68.44453644315806
136.751,13.397832428264923,69.04227855489984
137.945,13.403853475314653,69.64506834086797
139.15,13.409983041768077,70.25341062100215
140.365,13.416217433079911,70.86680051724016
141.591,13.42256318496911,71.48574284694352
142.827,13.429016537903115,72.10973273231147
144.074,13.435584141787885,72.73927498804366
145.332,13.442267506316332,73.37436958089937
146.601,13.449068154467989,74.01501647697826
147.882,13.455993051848248,74.66172048440764
149.173,13.463032936704248,75.31347188173193
150.476,13.470200278770672,75.97128031756597
151.79,13.477491226031253,76.63464091253408
153.115,13.484907369090728,77.30355362924823
154.452,13.492455982280658,77.97852326808705
155.801,13.500138831165847,78.6595497875538
157.161,13.507951927221043,79.34612830862456
158.534,13.515908557027693,80.03926846243718
159.918,13.523998942544853,80.73796053252158
161.314,13.532230681126155,81.44270931072491
162.723,13.540611589987503,82.15401958424242
164.144,13.549137658473619,82.87138647155811
165.577,13.557810762754222,83.594809925092
167.023,13.566638926534775,84.324794726264
168.482,13.575624218065517,85.06134082253094
169.953,13.584762484847275,85.80394333246964
171.437,13.594061962553774,86.55310703138781
172.934,13.603524773614275,87.30883186359002
174.444,13.613153058989713,88.07111777228087
175.967,13.622948978170456,88.83996469954873
177.504,13.632921225476078,89.61587740861648
179.054,13.643065594846323,90.39835101468391
180.617,13.653384302774292,91.18738545633401
182.194,13.663886272643918,91.98348548965907
183.785,13.674573932984153,92.7866510471618
185.39,13.685449733804777,93.59688206000138
187.009,13.69651614659351,94.4141784579743
188.642,13.707775664313065,95.23854016949396
190.289,13.71923080139813,96.0699671215712
191.951,13.730891140065918,96.9089640507504
193.627,13.742752314298528,97.75502606748219
195.318,13.754824074291058,98.60865790257125
197.023,13.767101977095194,99.46935466611501
198.744,13.779603238491205,100.33812588832873
200.479,13.792316168210863,101.21396187069612
202.23,13.805258283744841,102.09787213428366
203.996,13.818425177589233,102.98935178387322
205.777,13.831819762362247,103.88840072782935
207.574,13.845452594678491,104.79552367047489
209.387,13.859326835768513,105.71072051179632
211.215,13.87343792192382,106.63348635528442
213.059,13.887796688054667,107.5643258947295
214.92,13.902414266459886,108.5037438152996
216.797,13.917286177479333,109.45123521433106
218.69,13.932415722362673,110.40679998155358
220.599,13.947806230347805,111.37043800455626
222.526,13.963477394077444,112.34315873698657
224.469,13.97941654818353,113.32395248647806
226.429,13.995635420197726,114.31332391423054
228.406,14.012137672136372,115.31127289306376
230.401,14.028935454092686,116.31830406986616
232.412,14.046015651973459,117.33340775733936
234.442,14.063407615190386,118.3580981443856
236.489,14.081098222801224,119.39136554030262
238.554,14.099100053804953,120.43371457334052
240.637,14.117417192309254,121.48514509426656
242.739,14.136062666656724,122.54616171511897
244.858,14.1550228916512,123.61575475015924
246.996,14.174319954253829,124.69493356737323
249.153,14.193958317119964,125.78369799874729
251.329,14.213942482298112,126.88204787292803
253.523,14.234267686995114,127.98947826229636
255.737,14.254957039311627,129.10699849681427
257.97,14.276005935651895,130.23410363959383
260.223,14.29742858530777,131.3712982510285
262.495,14.319220303880755,132.51807739171065
264.788,14.341405265775023,133.67545035013572
267.1,14.36396915524248,134.84240743860695
269.432,14.386926682625894,136.01945319214872
271.785,14.410292942262746,137.20709213121953
274.158,14.434063298909532,138.40481930150776
276.552,14.458253110871787,139.61313920949232
278.967,14.48286789715431,140.83205162184473
281.403,14.507913224761708,142.06155630063893
283.86,14.533394708683375,143.30165300328446
286.339,14.55932851867263,144.55284619786457
288.839,14.585710041995828,145.81463091077725
291.361,14.612555730581924,147.08751159415218
293.906,14.639882456995004,148.37199268259388
296.472,14.667674888359027,149.6670644838131
299.061,14.695960882087093,150.97373612448538
301.672,14.724735902882124,152.2915026105877
304.307,14.754028581984429,153.62137303459417
306.964,14.783823332334656,154.96233769773514
309.644,14.814137925522168,156.31490098087986
312.348,14.844990581516264,157.67956724488454
315.076,14.876388417764915,159.05633615102246
317.827,14.908326954032574,160.4447026786605
320.602,14.940824889649214,161.84517115823175
323.402,14.973901391132262,163.25824589842026
326.226,15.007552165618172,164.68342185787318
329.075,15.041796714762118,166.12120332315422
331.948,15.076630668941778,167.57108524595236
334.847,15.112086151695582,169.03407654175822
337.771,15.14815903395986,170.50967214270003
340.72,15.184857326279545,171.99787163279018
343.695,15.222201713955066,173.49917922704435
346.697,15.260213389119361,175.01409911482057
349.724,15.298875576673272,176.54162156825222
352.778,15.338222444636557,178.08275538918764
355.858,15.378249973070513,179.63699547082157
358.966,15.418993264035958,181.20535056474068
362.1,15.460435287097717,182.7868109285871
365.262,15.502611756538467,184.3823852756179
368.452,15.545532366588503,185.99207306640295
371.669,15.589193265272137,187.61536915403505
374.915,15.6336314587823,189.2532821764016
378.188,15.678829512649287,190.90480237329953
381.491,15.724839066879074,192.5714429213432
384.822,15.771642742252748,194.25219404261816
388.182,15.819264977535084,195.94755970159426
391.572,15.867730791401307,197.658043828879
394.991,15.917036825624997,199.38314120183162
398.44,15.967208533957262,201.12335571453144
401.92,16.018271969138084,202.8791912249278
405.429,16.070209197872806,204.64963792906767
408.97,16.123076328352752,206.43620873459582
412.541,16.176855498715987,208.23789381544668
416.143,16.231573674379064,210.0551969495108
419.777,16.287258448139887,211.8886218748835
423.443,16.343922527860272,213.73816777848242
427.14,16.40156307239853,215.60332932781424
430.87,16.460224190150832,217.48511469132643
434.632,16.519903394288377,219.38301849732719
438.428,16.58064597311553,221.298048833375
442.256,16.642433599337657,223.22919581020304
446.118,16.70531234859712,225.17746745207086
450.014,16.76929655517143,227.14286278468384
453.943,16.834384039090708,229.12487636089224
457.907,16.90062251196573,231.12451608311957
461.906,16.968027112188373,233.14178089622192
465.939,17.03659603313671,235.17616529379484
470.008,17.106378676901073,237.22867704818788
474.112,17.177373644916912,239.2988106028876
478.252,17.249614122092552,241.3870692244083
482.428,17.323116355531326,243.49345172598225
486.641,17.397914560964935,245.61846128696632
490.89,17.47400773965687,247.7615922676389
495.177,17.551448839794624,249.92385215386196
499.501,17.630237308073333,252.10473524772468
503.862,17.71039056714504,254.30424021521463
508.262,17.791963423419,256.5233743847214
512.7,17.874955778294968,258.76163197918675
517.177,17.959404930271376,261.01951588162484
521.693,18.04532987949559,263.2970245930728
526.249,18.132769061767185,265.5946608905114
530.844,18.221722857912624,267.9119188911778
535.48,18.312249976223136,270.24980557616266
540.156,18.404351302198485,272.60781499033084
544.872,18.498047164737137,274.985945451785
549.63,18.59339831438868,277.3852037510113
554.43,18.6904264642779,279.80558807479883
559.271,18.789133034979663,282.24659234472836
564.155,18.88958088788214,284.7092231477391
569.081,18.9917719897281,287.1929743220338
574.05,19.095749809100205,289.69834810506717
579.063,19.201558728266328,292.2258466486805
584.119,19.3092012943358,294.77496367558604
589.22,19.41874421724824,297.3467053916139
594.365,19.530190632261153,299.9405654250261
599.555,19.643587017723448,302.55704567723507
604.791,19.758980814518424,305.19664795451894
610.072,19.876375790579196,307.8588657537286
615.399,19.99582019795804,310.544200764076
620.773,20.11736327944891,313.25315457375723
626.194,20.241032373342065,315.9857246028234
631.662,20.366855046791528,318.7419082216458
637.177,20.49485909544716,321.521702750248
642.741,20.625119567606248,324.32611349840545
648.354,20.75766593681221,327.1551375928851
654.015,20.892504002856043,330.0082681150714
659.726,21.02971137016901,332.8865100755645
665.487,21.169318875930927,335.78986038568195
671.298,21.31135761428414,338.7183158974375
677.16,21.455883696863573,341.6723773285765
683.073,21.60292937330439,344.6520413599802
689.038,21.75255235102766,347.6578085012433
695.055,21.904786065601485,350.6896752537551
701.124,22.059664228674436,353.74763805209056
707.247,22.217272529860978,356.83270094173037
713.422,22.377594423134617,359.9438524695862
719.652,22.540743357026024,363.08260027041285
725.936,22.70672967127303,366.24843654766164
732.275,22.875616609550022,369.4418610335862
738.67,23.047468635531004,372.6633733064589
745.12,23.222297008022707,375.91246533572956
751.626,23.400167275631283,379.1896364996786
758.19,23.58117393418234,382.4958896981626
764.81,23.76530197441189,385.83021292503395
771.489,23.952675669210635,389.19411246713037
778.225,24.14328043384078,392.5865761612473
785.021,24.33724338685782,396.00910992097187
791.876,24.53457929582771,399.4612049945417
798.791,24.735360610649167,402.943359730443
805.766,24.93963172187101,406.45556875633383
812.802,25.147467043505863,409.99833010624803
819.9,25.358942369683206,413.57214161636364
827.059,25.574074535769228,417.17649400102584
834.281,25.79297103590512,420.8123882674304
841.566,26.015680424841698,424.4798182941346
848.915,26.242282614971593,428.1792812285877
856.328,26.4728277420623,431.91077063980873
863.805,26.707366343644473,435.67427997623514
871.348,26.946012905268404,439.4708091737525
878.957,27.188820405158665,443.30035127132925
886.632,27.43584224635316,447.162899177402
894.374,27.68716485659975,451.0589488896961
902.184,27.942876207327593,454.98899615732967
910.062,28.203032670794656,458.95303331090105
918.009,28.46772451560622,462.9515556719955
926.025,28.737009868227517,466.9845551933029
934.111,29.010981339794263,471.0525267511321
942.268,29.289733166464444,475.15596494586396
950.496,29.573326617489712,479.2948610850645
958.796,29.86185835457755,483.4697092929676
967.169,30.155426717174386,487.68100339966577
975.614,30.454060718562502,491.9282311109848
984.133,30.757896111923664,496.2123887275391
992.727,31.067035470123713,500.53396925904985
1001.396,31.381546685437556,504.8929625863381
1010.14,31.701498178505013,509.2893584039436
1018.961,32.02703301988945,513.724151689724
1027.858,32.358185205028484,518.1968288390026
1036.834,32.69513879892081,522.7088868430434
1045.888,33.0379301841071,527.2598115436846
1055.02,33.3866333676968,531.8495913103513
1064.233,33.7414389428319,536.4797219374683
1073.526,34.10238600332733,541.1496885053475
1082.9,34.46959159063392,545.8599809589471
1092.356,34.84317467364648,550.6110888520778
1101.895,35.22325617280844,555.4035013381546
1111.517,35.60991862833097,560.2372048226491
1121.223,36.00328590344762,565.1126877602107
1131.014,36.40348386930434,570.0304381805839
1140.89,36.81059903175324,574.9904414732907
1150.852,37.22476029270953,579.9931849255611
1160.902,37.6461407248582,585.0396574874247
1171.039,38.07478952994372,590.1293412609101
1181.265,38.510883628091904,595.2632243103408
1191.58,38.95451713696151,600.441290088931
1201.985,39.405828426717314,605.6640236751244
1212.481,39.86495803866433,610.9319096483418
1223.068,40.332004408519936,616.2449302596707
1233.748,40.80715604403573,621.6040709792285
1244.522,41.290560141113644,627.0098148244487
1255.389,41.782275287929714,632.461640949204
1266.351,42.282496761364925,637.9605332025449
1277.409,42.79137746394673,643.5069731042271
1288.564,43.30907262708089,649.1014415987283
1299.816,43.835692836666325,654.7439176073559
1311.166,44.37139686436008,660.4348810616808
1322.615,44.916345867768996,666.1748112861156
1334.165,45.470751618171235,671.964688243097
1345.815,46.03468412295011,677.8039874272915
1357.567,46.608359647296886,683.6936875824669
1369.421,47.191899710751024,689.6337644034569
1381.379,47.78552637922362,695.6251951836977
1393.441,48.38936537470967,701.6679543911587
1405.609,49.0036446773764,707.7630178105095
1417.883,49.62849429917227,713.9103586317949
1430.264,50.26409669610584,720.1104503304161
1442.754,50.91068892761068,726.3642663165581
1455.352,51.56835517622821,732.6712771658691
1468.061,52.23739024100125,739.0329553708474
1480.88,52.91788191685241,745.448770243799
1493.811,53.610078419969284,751.9196920333148
1506.855,54.31417828570428,758.4461895773776
1520.013,55.03038281549905,765.0287308887293
1533.287,55.758951216828414,771.6682832930181
1546.675,56.499925049531974,778.3638126456942
1560.181,57.25367940572619,785.1172848515386
1573.805,58.02037177794508,791.9286643136896
1587.548,58.80021766083766,798.7984146853186
1601.41,59.59337800334953,805.7264989522911
1615.394,60.40018857683321,812.7143784930857
1629.5,61.22081669580377,819.7620143222773
1643.729,62.055489635324996,826.8698663175685
1658.083,62.904497065675415,834.0388927718642
1672.561,63.767953997992855,841.2685526864765
1687.166,64.64621606852862,848.5603016419406
1701.899,65.53952419935737,855.9145951979712
1716.76,66.44806103844329,863.331388824011
1731.751,67.37213412842826,870.8116351653141
1746.873,68.31199378576629,878.3557865553724
1762.127,69.26789350452064,885.9642942168705
1777.514,70.24008997704865,893.6376082446469
1793.036,71.22890708007516,901.3766761247134
1808.693,72.23454505133569,909.1814469023441
1824.487,73.25733533351399,917.0528655098786
1840.419,74.29754922707076,924.9913770365787
1856.489,75.35539525520971,932.9969272361147
1872.701,76.43134966509572,941.0714530762801
1889.053,77.52549548043807,949.2139015886878
1905.549,78.63831895486646,957.4262065447185
1922.188,79.76997491125385,965.7078107362325
1938.973,80.92089255161831,974.0601467543744
1955.905,82.09137017818401,982.4836500627199
1972.984,83.28163960451204,990.9782574541608
1990.212,84.49207495563783,999.5448992120819
2007.591,85.72305614381807,1008.1845037470323
2025.122,86.97489722630618,1016.8975006209383
2042.806,88.24791582793081,1025.684317962648
2060.644,89.54243315406265,1034.5453824526187
2078.638,90.85884745626107,1043.481615865806
2096.789,92.1974889186988,1052.4934415456744
2115.098,93.55869136534727,1061.5812813325535
2133.568,94.94294276392021,1070.7465478630447
2152.198,96.3504361786664,1079.9886670668752
2170.992,97.78174582501357,1089.3095438218127
2189.949,99.2370715805865,1098.708601061743
2209.072,100.71692291558945,1108.187243645572
2228.362,102.2216613598349,1117.7458827801304
2247.82,103.75165221428196,1127.3849280476209
2267.449,105.30742370420779,1137.1057777042286
2287.249,106.8892722868155,1146.9083421436794
2307.221,108.49757654574708,1156.7930255450453
2327.368,110.13288185672795,1166.7612198055097
2347.691,111.79557831119313,1176.8133248091137
2368.192,113.48614265328521,1186.9502331088665
2388.871,115.2048912267042,1197.1718464602716
2409.731,116.95239393439932,1207.4795477050377
2430.773,118.7290603180719,1217.8737288591124
2451.999,120.53538926298137,1228.3552739108973
2473.41,122.3718001428017,1238.9245708658325
2495.009,124.23888982065387,1249.58299273028
2516.796,126.1370021383051,1260.3304297327809
2538.773,128.06665845682906,1271.1677570860936
2560.942,130.02838682382853,1282.0958475239593
2583.304,132.02263248042658,1293.1150786098185
2605.862,134.05002507880096,1304.2268111147243
2628.617,136.1110219852524,1315.4314179459855
2651.57,138.20608455967476,1326.7292702249601
2674.724,140.33586281832314,1338.1217211703145
2698.08,142.50083034947303,1349.609137228535
2721.641,144.70165228071104,1361.1928661827335
2745.406,146.93862554129666,1372.872287079849
2769.38,149.2126165670953,1384.6497257509945
2793.562,151.52393175509158,1396.5245573704228
2817.956,153.87335905887687,1408.4986107924822
2842.563,156.26140700381694,1420.5722390858525
2867.385,158.6886862931654,1432.7462839875654
2892.423,161.15571570851625,1445.0210946120137
2917.68,163.66321734088305,1457.3979983163617
2943.158,166.2118228838429,1469.8778294564931
2968.858,168.80206989966956,1482.4609304578908
2994.783,171.43470381057813,1495.1486207968007
3020.934,174.1102747549139,1507.9412385743483
3047.313,176.82944033485882,1520.8396092910011
3073.923,179.59296946090222,1533.8450447928478
3100.765,182.40143120076158,1546.9578769701004
3127.841,185.25550440927856,1560.178924586982
3155.154,188.15598163067614,1573.5094922102803
3182.705,191.10345092823448,1586.949905945204
3210.497,194.09872067660228,1600.5014657576337
3238.532,197.14250060389827,1614.164981448194
3266.811,200.23539782889557,1627.9407738818584
3295.338,203.3783551491552,1641.8306233832957
3324.113,206.5718834455168,1655.8343604383383
3353.14,209.8169431014327,1669.953760988152
3382.42,213.11416915342912,1684.1891392814327
3411.956,216.46442825444444,1698.5417806825922
3441.75,219.86848289895107,1713.0124826252663
3471.803,223.32698732316234,1727.6015559472078
3502.12,226.84106498472116,1742.3112516144365
3532.701,230.41127079052472,1757.1413924587046
3563.549,234.03851424301902,1772.0932561228242
3594.667,237.7237154913342,1787.1681184817792
3626.056,241.4675659865173,1802.3662856585704
3657.719,245.27100220601028,1817.6890319479676
3689.659,249.1349713759356,1833.1376303291902
3721.878,253.0603092603097,1848.7128693417542
3754.378,257.0478590254855,1864.4155375865585
3787.162,261.09859524935587,1880.2469066903855
3820.232,265.2133785692162,1896.2077651890004
3853.591,269.39320284238795,1912.2993845361345
3887.241,273.63894633392704,1928.5225540489885
3921.185,277.9516223626846,1944.878545895634
3955.425,282.33212700091974,1961.3681511106201
3989.965,286.7816225012367,1977.9931247499974
4024.806,291.30089546811183,1994.7537788746358
4059.951,295.89099880544666,2011.651390119699
4095.403,300.5529968153707,2028.6872365476106
4131.165,305.28796528754407,2045.8625979573683
4167.239,310.09685783501646,2063.1782763362926
4203.628,314.9807707843913,2080.6355567360174
4240.335,319.94081223093303,2098.2357269619483
4277.362,324.9779656545904,2115.979598860745
4314.713,330.0934976948542,2133.8689464816425
4352.39,335.2884141143388,2151.904589620604
4390.395,340.5637292375353,2170.0873534516218
4428.733,345.9208866618459,2188.419503083579
4467.406,351.3609265887283,2206.9018734336587
4506.416,356.8848982089161,2225.535306156741
4545.766,362.4940028587252,2244.3211274025334
4585.461,368.18974286054186,2263.261624079168
4625.502,373.97306176201346,2282.357181238681
4665.893,379.8453466022559,2301.609623322549
4706.636,385.807708323294,2321.019829602679
4747.735,391.8615635646101,2340.5896413946502
4789.193,398.0081982980366,2360.3204328524603
4831.013,404.2489130143168,2380.213588389941
4873.198,410.5850230182075,2400.2705033496704
4915.752,417.0180104022738,2420.493059802831
4958.677,423.54907136064554,2440.8822014949546
5001.977,430.1797212393913,2461.43983548215
5045.655,436.9113409172071,2482.1674073569056
5089.715,443.7454834949146,2503.0668516136966
5134.159,450.68340989578735,2524.139169350433
5178.991,457.72670976206246,2545.386326490684
5224.215,464.8769947261741,2566.810305385066
5269.834,472.1357393393494,2588.412632326885
5315.851,479.5044372128391,2610.194852722203
5362.27,486.9847632419167,2632.159005136542
5409.094,494.57825396509946,2654.30667560878
5456.327,502.2866305226094,2676.6399450594267
5503.973,510.11163975508214,2699.1609169716285
5552.034,518.0547233814683,2721.8707736555825
5600.516,526.1180093610785,2744.77261269591
5649.42,534.3028226603673,2767.867195795852
5698.752,542.6113492900955,2791.157673837177
5748.514,551.0451335515162,2814.6453376039626
5798.711,559.6062553244789,2838.3329242672116
5849.347,568.296658489802,2862.2227301877456
5900.424,577.1179734176627,2886.316141187772
5951.948,586.0725532420938,2910.616464310042
6003.921,595.1620933940286,2935.1251556133793
6056.348,604.3888467088025,2959.845123334861
6109.233,613.7549306844554,2984.7788428940808
6162.58,623.2625021342009,3009.9288301971333
6216.393,632.913758661487,3035.297643317117
6270.675,642.7107591557942,3060.887412793251
6325.432,652.656148482765,3086.7017290869258
6380.667,662.7520763086545,3112.7428158822077
6436.384,673.0009196754207,3139.0134176257266
6492.587,683.4051049649398,3165.5163300137997
6549.282,693.9674836603691,3192.2553452898933
6606.471,704.6902178321361,3219.232424613133
6664.16,715.5762727623968,3246.451473225628
6722.353,726.6283002615681,3273.915512765701
6781.053,737.848820695652,3301.6271544427746
6840.267,749.2411843226477,3329.5909620792845
6899.997,760.8078504974028,3357.8092052343854
6960.249,772.552118916183,3386.286111492531
7021.027,784.4769769285642,3415.0250352349967
7082.336,796.5856842324043,3444.0298776187
7144.18,808.8813836677919,3473.304143436966
7206.564,821.3674996055814,3502.8518899756423
7269.493,834.0475459932499,3532.677257093814
7332.971,846.9249265763852,3562.783995646784
7397.004,860.0035467162786,3593.176893078256
7461.596,873.2870060269372,3623.8598792343164
7526.752,886.7792119384212,3654.837452431668
7592.477,900.4841820399704,3686.1142084911635
7658.776,914.406048809165,3717.6948439559105
7725.653,928.5488523337473,3749.5836822961483
7793.115,942.9173928668519,3781.786585065477
7861.166,957.5159674340471,3814.3080944070107
7929.811,972.3492198760847,3847.153343340996
7999.055,987.4219360467873,3880.3275827607417
8068.904,1002.7392701170355,3913.8366651466563
8139.363,1018.306315817521,3947.686090228613
8210.438,1034.128551986803,3981.881968459446
8282.133,1050.211182736227,4016.4295819429703
8354.454,1066.5600354025419,4051.33531295843
8427.406,1083.1808996989257,4086.605204314435
8500.996,1100.080218733779,4122.246413733951
8575.228,1117.2639540592306,4158.2647987852715
8650.108,1134.7387384256022,4194.6673407684575
8725.642,1152.5114316224988,4231.4611833358795
8801.836,1170.589130661486,4268.65363730689
8878.695,1188.978940160957,4306.251695849992
8956.225,1207.6884578664672,4344.263015567177
9034.433,1226.7257965082645,4382.69592694673
9113.323,1246.0986203006823,4421.557472717355
9192.902,1265.8156182282632,4460.856361536239
9273.176,1285.885546003944,4500.601008835874
9354.151,1306.3174825578894,4540.800033074307
9435.833,1327.1208448549855,4581.462261222676
9518.228,1348.3054034373852,4622.59673432738
9601.343,1369.8815595861774,4664.213214605943
9685.183,1391.8595850284398,4706.320689862213
9769.756,1414.250944514152,4748.9298868283
9855.067,1437.0667419531385,4792.050263658263
9941.123,1460.3190577793118,4835.692531151098
10027.931,1484.0204488006066,4879.8676562915225
10115.496,1508.1834160261167,4924.585845557752
10203.827,1532.8220809198965,4969.859613546664
10292.928,1557.9497189739452,5015.699188353742
10382.808,1583.5815754705948,5062.117643659283
10473.472,1609.7323622405045,5109.126279516267
10564.928,1636.418275203356,5156.738239102671
10657.183,1663.655887685949,5204.966451495942
10750.243,1691.462165790789,5253.82362742125
10844.116,1719.855396935463,5303.323839371886
10938.809,1748.8543385553073,5353.480958548195
11034.328,1778.478237440195,5404.308649247191
11130.682,1808.7481141820845,5455.82250565389
11227.877,1839.6849448114854,5508.036864879383
11325.921,1871.3112666499171,5560.9674794981565
11424.82,1903.649951945073,5614.629373569112
11524.584,1936.7262159780892,5669.040100531088
11625.218,1970.564715947053,5724.214857313999
11726.732,2005.1929236764006,5780.171942715135
11829.132,2040.6381705870951,5836.927833444268
11932.426,2076.929733355484,5894.5004794433235
12036.622,2114.098233832529,5952.9082124858805
12141.727,2152.175345579825,6012.169181985851
12247.751,2191.195324387482,6072.3036137646695
12354.7,2231.192538335782,6133.329853858915
12462.584,2272.2044982008256,6195.268903878254
12571.409,2314.268955041842,6258.139851728865
12681.185,2357.4270382698905,6321.964459147305
12791.919,2401.720667591615,6386.7631187059915
12903.62,2447.194611186598,6452.5577417413215
13016.297,2493.8958362928297,6519.370594494918
13129.957,2541.872781679555,6587.223085065728
13244.61,2591.1775796968445,6656.138719353251
13360.264,2641.864104159596,6726.140103682022
13476.928,2693.9893893547255,6797.250711119577
13594.611,2747.613370579874,6869.494255194703
13713.322,2802.799053037561,6942.8946531123365
13833.069,2859.6122121797525,7017.475357729944
13953.861,2918.1225131826673,7093.260544040301
14075.709,2978.4042631360867,7170.275708693728
14198.62,3040.5336711230448,7248.5438162449445
14322.605,3104.5930384343505,7328.09027970447
14447.672,3170.6674923908,7408.938427549051
14573.832,3238.8483514642317,7491.113253961434
14701.093,3309.2302343858196,7574.637426529432
14829.465,3381.9140302131414,7659.534401406199
14958.959,3457.0067608980667,7745.82765748356
15089.583,3534.619589285109,7833.537859028181
15221.348,3614.8716605398445,7922.686664659612
15354.263,3697.8875505583915,8013.293168073805
15488.339,3783.8001140419146,8105.37636135843
15623.586,3872.7490871387813,8198.95282771824
15760.014,3964.8821522413855,8294.037104483625
15897.633,4060.3554295638564,8390.641331662437
16036.454,4159.33472110031,8488.775564380217
16176.487,4261.994678186209,8588.44592055185
16317.742,4368.520051570545,8689.654769595425
16460.232,4479.10866980877,8792.402332073894
16603.965,4593.965953554376,8896.680280383793
16748.954,4713.313370791332,9002.478222436239
16895.208,4837.382022976969,9109.776365239233
17042.74,4966.4199958633335,9218.550428053253
17191.56,5100.687276595955,9328.765476867444
17341.68,5240.4608884212485,9440.378429178416
17493.11,5386.032127427946,9553.33377432775
17645.863,5537.712169034304,9667.565811834389
17799.95,5695.828230408994,9782.993256386417
17955.382,5860.726294631469,9899.518846303583
18112.171,6032.773112570962,10017.02798564113
18270.33,6212.357263744015,10135.386371122415
18429.869,6399.885422265127,10254.43433622935
18590.802,6595.791190740007,10373.989097909947
18753.14,6800.527667647627,10493.83618438338
18916.896,7014.574008121682,10613.729412641807
19082.081,7238.430776125117,10733.383762422147
19248.709,7472.626787326713,10852.474354620908
19416.792,7717.712356215444,10970.627618744687
19586.343,7974.2629266505965,11087.417694519345
19757.374,8242.875222439878,11202.358653093559
19929.899,8524.170428695068,11314.899481026014
20103.93,8818.785692837986,11424.413657988765
20279.481,9127.377564585237,11530.193293980657
20456.565,9450.61292432693,11631.437973692347
20635.195,9789.165140126412,11727.24548312698
20815.385,10143.709083455966,11816.601648288079
20997.148,10514.908518740294,11898.367976512993
21180.499,10903.411207484256,11971.271205008217
21365.45,11309.824969324043,12033.88903873307
21552.017,11734.716227224118,12084.640545651115
21740.213,12178.574945794833,12121.771703103548
21930.052,12641.799620630687,12143.34568134581
22121.549,13124.66967098211,12147.232758296439
22314.718,13627.307838161885,12131.102653577125
22509.574,14149.647453405782,12092.420435766753
22706.131,14691.384203289224,12028.44719231685
22904.405,15251.936057393319,11936.245714409235
23104.41,15830.378978139863,11812.696325822117
23306.162,16425.40068156573,11654.519427513438
23509.675,17035.228552319095,11458.314555904728
23714.966,17657.58286231253,11220.606883398254
23922.049,18289.598850537346,10937.920431772429
24130.94,18927.7871696013,10606.858501803637
24341.655,19567.983228300618,10224.21058691469
24554.211,20205.321049644597,9787.075024184638
24768.622,20834.214196954694,9293.010619300794
24984.906,21448.398318909007,8740.179861689885
25203.079,22040.970418399076,8127.529211964097
25423.156,22604.491153550392,7454.957459044971
25645.155,23131.13908627582,6723.462861723423
25869.093,23612.88996572023,5935.291494060548
26094.986,24041.751636750556,5094.039193695039
26322.852,24410.03975097371,4204.690374570885
26552.708,24710.664450777713,3273.6151543559617
26784.57,24937.430786571378,2308.484073448191
27018.458,25085.326749782977,1318.084971366051
27254.387,25150.762009192742,312.1260285754352
27492.377,25131.76241928902,-699.1026910206368
27732.445,25028.07851133236,-1705.0356314776955
27974.61,24841.21176047902,-2695.214261116734
28218.889,24574.35228400612,-3659.627332384357
28465.301,24232.227476206936,-4589.054293210255
28713.865,23820.88328690754,-5475.331974505655
28964.599,23347.414928740833,-6311.558916601168
29217.523,22819.660147303086,-7092.236698838518
29472.655,22245.898408815352,-7813.310209391339
29730.015,21634.54773994459,-8472.161502916355
29989.623,20993.90367464853,-9067.52307930287
30251.497,20331.9211594388,-9599.34703883102
30515.658,19656.026356163315,-10068.656729858898
30782.126,18973.000046943755,-10477.3607666231
31050.921,18288.89548232376,-10828.074421230553
31322.063,17609.000190310475,-11123.94449575146
31595.572,16937.832551082443,-11368.487712361304
31871.47,16279.16103597055,-11565.448793223646
32149.777,15636.058130202566,-11718.6748099106
32430.514,15010.950555993712,-11832.017318170116
32713.703,14405.685022560123,-11909.251990302771
32999.364,13821.603253783494,-11954.017285640773
33287.52,13259.599808078681,-11969.771957176888
33578.193,12720.196174073139,-11959.764704044142
33871.403,12203.602945446404,-11927.017488084815
34167.174,11709.764566671078,-11874.317062763239
34465.527,11238.4213152356,-11804.215085221535
34766.486,10789.142598444916,-11719.032173195383
35070.073,10361.372508911221,-11620.867997246809
35376.311,9954.457037189453,-11511.61232348828
35685.223,9567.672558993632,-11392.958687605218
35996.832,9200.248185688777,-11266.418749166885
36311.162,8851.383064245361,-11133.336505371844
36628.237,8520.262633262018,-10994.903169308589
36948.081,8206.070548838645,-10852.171230594433
37270.718,7907.9980961746305,-10706.067828380941
37596.172,7625.251487150254,-10557.407303946587
37924.468,7357.056604215511,-10406.902401179175
38255.631,7102.664062161704,-10255.175466716699
38589.686,6861.352068119834,-10102.768283575591
38926.657,6632.428975663019,-9950.151458657318
39266.572,6415.231110999435,-9797.730250849
39609.454,6209.129281092739,-9645.855919411333
39955.33,6013.522925429008,-9494.828216649154
40304.227,5827.842515625596,-9344.903070466287
40656.17,5651.549844858471,-9196.29865200537
41011.187,5484.13456604018,-9049.197900459243
41369.303,5325.116173513109,-8903.755192947097
41730.547,5174.039628341774,-8760.097138326255
42094.945,5030.4773310956625,-8618.328695874787
42462.525,4894.025721180757,-8478.534047586867
42833.315,4764.30492890539,-8340.779967254437
43207.343,4640.957522403002,-8205.11807096484
43584.637,4523.647277998541,-8071.586802886626
43965.225,4412.057984050526,-7940.213186230603
44349.137,4305.891748389629,-7811.013701642516
44736.401,4204.869053975783,-7683.9970258347585
45127.047,4108.726580886498,-7559.163879588161
45521.104,4017.2170087198547,-7436.5090829764085
45918.601,3930.107766867366,-7316.022137228857
46319.57,3847.179518875233,-7197.687161484579
46724.041,3768.2264180620746,-7081.485137321078
47132.043,3693.054991068363,-6967.394175706309
47543.608,3621.4826434145252,-6855.388950866824
47958.766,3553.337883017494,-6745.442593391741
48377.55,3488.4587903880474,-6637.525762180055
48799.991,3426.6932216932432,-6531.608348281199
49226.121,3367.8977189114057,-6427.658998551102
49655.972,3311.9371147217294,-6325.645657542354
50089.576,3258.684005188924,-6225.535805043353
50526.967,3208.018031950049,-6127.296219016598
50968.177,3159.8259101332583,-6030.894076125769
51413.239,3114.000630420537,-5936.296414847832
51862.188,3070.440991976505,-5843.470092643529
52315.058,3029.051544820887,-5752.382548834517
52771.882,2989.7422045341,-5663.001870382092
53232.694,2952.427737625735,-5575.296470185629
53697.531,2917.027328761528,-5489.234816335768
54166.427,2883.464772967358,-5404.786628947657
54639.417,2851.667872751884,-5321.922159209595
55116.538,2821.5681429294996,-5240.612083413634
55597.825,2793.1008379850305,-5160.82823271769
56083.314,2766.204526266582,-5082.54309260615
56573.043,2740.8208468594253,-5005.729688088086
57067.049,2716.894484151352,-4930.362089581541
57565.368,2694.3729622551937,-4856.415398217655
58068.038,2673.2063315549262,-4783.865302320463
58575.098,2653.347070768945,-4712.688256439561
59086.586,2634.750013376856,-4642.861766475381
59602.54,2617.3721529601735,-4574.364233896377
60122.999,2601.1724740832165,-4507.174821217774
60648.003,2586.1118329737756,-4441.273460766215
61177.592,2572.1528692208376,-4376.64098105163
61711.805,2559.2599098551777,-4313.25921057249
62250.682,2547.398804564496,-4251.110719903456
62794.266,2536.5367921358074,-4190.178602484434
63342.596,2526.642547754762,-4130.4472573900175
63895.714,2517.6859415294566,-4071.9015794542306
64453.662,2509.63801516076,-4014.5272918260994
65016.482,2502.470894016914,-3958.3109271520043
65584.217,2496.1576931058325,-3903.2397127553104
66156.91,2490.672453673896,-3849.301657728666
66734.603,2485.9900737872495,-3796.4856223575666
67317.341,2482.086204004186,-3744.780934161094
67905.167,2478.93722100354,-3694.177830182968
68498.126,2476.5201327766717,-3644.6670795775462
69096.263,2474.8125306200322,-3596.2401458793943
69699.624,2473.7925249993873,-3548.889086008713
70308.252,2473.4386906261293,-3502.606837495828
70922.196,2473.730001167799,-3457.386505506437
71541.5,2474.64578208404,-3413.2221797922784
72166.213,2476.1656604498576,-3370.1081712583214
72796.38,2478.2695016666335,-3328.0396324618378
73432.05,2480.937377832813,-3287.0119770961883
74073.271,2484.1495084954217,-3247.0212013999085
74720.092,2487.8862211914584,-3208.0637246142587
75372.56,2492.1278886708265,-3170.136539559919
76030.726,2496.8549229740347,-3133.2368294609046
76694.639,2502.0476973078157,-3097.3622936258457
77364.349,2507.6865247935257,-3062.5109392729432
78039.908,2513.751631470797,-3028.681006475128
78721.365,2520.223075111587,-2995.871186075972
79408.774,2527.0807836177933,-2964.0801899070766
80102.184,2534.304426150713,-2933.3071922899344
80801.65,2541.873491604116,-2903.551284275854
81507.224,2549.7671678249426,-2874.8118439729938
82218.958,2557.9643429836306,-2847.088350697697
82936.908,2566.4436278499497,-2820.3801940116905
83661.127,2575.1832522595923,-2794.686903325155
84391.67,2584.1611021456592,-2770.0079085467505
85128.592,2593.354678079549,-2746.3425693533386
85871.95,2602.7411048103563,-2723.6900642239034
86621.798,2612.29705551385,-2702.049493946081
87378.194,2621.9988305315896,-2681.419618155162
88141.195,2631.822287682084,-2661.798956366941
88910.859,2641.74286433487,-2643.185676984005
89687.243,2651.7355518594063,-2625.5775916343123
90470.407,2661.774950943892,-2608.972008146501
91260.41,2671.835227543623,-2593.3657703424265
92057.311,2681.8901374628904,-2578.7551744966463
92861.171,2691.913067115623,-2565.135878317173
93672.05,2701.877015416208,-2552.502901002342
94490.011,2711.7546670803376,-2540.8505041824546
95315.113,2721.51833610845,-2530.172240483159
96147.421,2731.140118742691,-2520.4607614134507
96986.996,2740.5918119822422,-2511.707898648012
97833.903,2749.8450485200397,-2503.9045175773117
98688.205,2758.871274925607,-2497.04053534491
99549.967,2767.641847079651,-2491.10483573033
100419.254,2776.128063508733,-2486.0852458744653
101296.132,2784.3012351742204,-2481.9684903111256
102180.667,2792.1327395283324,-2478.7401614266955
103072.925,2799.594089496495,-2476.3846856958194
103972.975,2806.6570291286152,-2474.8852911585836
104880.885,2813.2935737594985,-2474.2239985775686
105796.722,2819.47609202462,-2474.3815978116854
106720.557,2825.1774204962503,-2475.337637988947
107652.459,2830.3709049071736,-2477.0704239024562
108592.498,2835.0305066008195,-2479.5570163580005
109540.746,2839.1308914782753,-2482.773246185841
110497.274,2842.647502347923,-2486.69372118257
111462.155,2845.556659360348,-2491.2918580584737
112435.461,2847.835636181678,-2496.539899227213
113417.267,2849.4627565776227,-2502.408969551151
114407.645,2850.417466740407,-2508.86908604961
115406.672,2850.680429203252,-2515.8892575958594
116414.422,2850.2335929053834,-2523.4374918030308
117430.973,2849.0602709480154,-2531.4809084409944
118456.4,2847.1452154596304,-2539.985758263393
119490.781,2844.474679373901,-2548.917546902706
120534.194,2841.036479954762,-2558.241095332797
121586.719,2836.82004734118,-2567.920646612462
122648.435,2831.816483400195,-2577.9199328208197
123719.422,2826.01859744655,-2588.2022910617943
124799.76,2819.4209454407837,-2598.7307562991364
125889.533,2812.0198298493588,-2609.4682060545747
126988.821,2803.8133688299586,-2620.3773897872775
128097.709,2794.8014454587565,-2631.4211267433993
129216.28,2784.985758447087,-2642.562347120938
130344.618,2774.3697943323837,-2653.7642322801653
131482.809,2762.9588002044816,-2664.9903345818866
132630.939,2750.759777254963,-2676.2046658993063
133789.095,2737.781438786369,-2687.3718138056493
134957.363,2724.0341927893683,-2698.457025996347
136135.834,2709.5300226688178,-2709.42636702455
137324.595,2694.2825379425904,-2720.2467287226573
138523.736,2678.3068286467096,-2730.885987265592
139733.349,2661.61940451974,-2741.31307748955
140953.524,2644.238175130847,-2751.498037617859
142184.353,2626.182316127069,-2761.4121177208626
143425.931,2607.4721663178343,-2771.027851764042
144678.35,2588.129228444374,-2780.31906949859
145941.706,2568.175972158691,-2789.261002827017
147216.094,2547.635815147426,-2797.830291815808
148501.609,2526.5330128106416,-2806.005030714591
149798.35,2504.892494028686,-2813.764821769562
151106.414,2482.73986096042,-2821.0907581992305
152425.901,2460.1012078406948,-2827.9654686931353
153756.91,2437.0030909213956,-2834.3731014016817
155099.541,2413.472398767365,-2840.299335646501
156453.896,2389.536239885331,-2845.7313782775836
157820.078,2365.2218678564104,-2850.6579443038845
159198.189,2340.556628230657,-2855.069230834667
160588.334,2315.567801529092,-2858.9569057336053
161990.619,2290.282556546151,-2862.3140681280997
163405.148,2264.72792671245,-2865.135207121277
164832.029,2238.9306281130134,-2867.4161758330615
166271.37,2212.917062362426,-2869.1541371728295
167723.28,2186.7132340883045,-2870.3475187268778
169187.867,2160.3447272078124,-2870.9959615516354
170665.244,2133.8365420246746,-2871.1002699624705
172155.522,2107.2131715458504,-2870.662352187861
173658.813,2080.498502242822,-2869.685166411943
175175.231,2053.715756311803,-2868.1726613874243
176704.89,2026.887491964762,-2866.1297187358587
178247.907,2000.0355202756011,-2863.562089719659
179804.398,1973.1809494315194,-2860.4763411164186
181374.48,1946.3441277117977,-2856.8797942832994
182958.272,1919.5446093242356,-2852.780463693885
184555.894,1892.8011587072199,-2848.187000649143
186167.467,1866.1317411899738,-2843.108636573791
187793.113,1839.5535172642524,-2837.5551276204424
189432.954,1813.082856277024,-2831.536704569279
191087.114,1786.7353045143984,-2825.064013730751
192755.719,1760.5255899864565,-2818.148065294949
194438.894,1734.4676760899454,-2810.800197196681
196136.767,1708.574707657404,-2803.0320121179157
197849.467,1682.8590541698766,-2794.855340843739
199577.121,1657.332366848029,-2786.282215347616
201319.862,1632.0054746042742,-2777.324789696294
203077.821,1606.888519905591,-2767.99534111797
204851.131,1581.9909172613184,-2758.3062148797694
206639.925,1557.3214007903052,-2748.2698015931014
208444.34,1532.8879893009553,-2737.898483558533
210264.511,1508.6980898581999,-2727.2046395263806
212100.576,1484.758450933178,-2716.200589525017
213952.674,1461.0752122284784,-2704.8985812655797
215820.944,1437.6539394496706,-2693.310773704161
217705.529,1414.4995970112802,-2681.449191363663
219606.57,1391.6166459799754,-2669.325742643226
221524.212,1369.008993089491,-2656.952164981995
223458.598,1346.6800856250306,-2644.340047688641
225409.876,1324.6328519926094,-2631.5007728579903
227378.193,1302.8697944362925,-2618.4455419667242
229363.697,1281.3929871301063,-2605.1853522768192
231366.54,1260.2040663363514,-2591.730967239368
233386.871,1239.30432662141,-2578.0929553049773
235424.845,1218.6946468226815,-2564.281622598458
237480.614,1198.375603829587,-2550.307067915824
239554.334,1178.3474207371783,-2536.179130771853
241646.163,1158.6100078280024,-2521.9074012324063
243756.258,1139.1630093104302,-2507.501237742672
245884.778,1120.00579217819,-2492.9697448624365
248031.886,1101.1374470282515,-2478.3217585759326
250197.742,1082.5568669666757,-2463.56589377567
252382.51,1064.2627013620179,-2448.7104968467274
254586.357,1046.2533821586944,-2433.763653584401
256809.448,1028.5271797250268,-2418.733224675621
259051.951,1011.0821753562587,-2403.626813740264
261314.036,993.9162839619701,-2388.451776695868
263595.874,977.0272749265746,-2373.2152314063287
265897.637,960.4127841040518,-2357.924060873926
268219.5,944.0703113322556,-2342.5849035529545
270561.638,927.9972533504622,-2327.204177143249
272924.227,912.1909065662987,-2311.7880758915326
275307.448,896.6484510286344,-2296.342548944428
277711.478,881.3670193807156,-2280.8733633398924
280136.502,866.3436280467147,-2265.3860309958923
282582.701,851.575262474907,-2249.885890793151
285050.26,837.058834418932,-2234.378061970076
287539.367,822.7911971159496,-2218.867455889576
290050.209,808.7691755439602,-2203.358806028102
292582.976,794.9895497944733,-2187.856647926664
295137.86,781.4490676460547,-2172.365330669293
297715.053,768.1444609459061,-2156.8890340085827
300314.751,755.0724302231296,-2141.431749269765
302937.15,742.2296707810239,-2125.9973085030942
305582.448,729.612867055963,-2110.5893773905495
308250.845,717.2186973641259,-2095.2114602934416
310942.543,705.0438383137083,-2079.866905246092
313657.746,693.0849688993037,-2064.5589088865036
316396.658,681.3387827582088,-2049.2905324018075
319159.486,669.8019782013707,-2034.0646892345865
321946.441,658.4712580370334,-2018.8841446805625
324757.731,647.3433609757178,-2003.7515585941917
327593.57,636.4150275362196,-1988.6694407198188
330454.172,625.6830268818102,-1973.640187728197
333339.753,615.1441509223737,-1958.6660765778481
336250.532,604.7952129440514,-1943.749263641757
339186.728,594.6330602633685,-1928.8918042305468
342148.563,584.6545650862643,-1914.095641069765
345136.262,574.8566265658258,-1899.362608530714
348150.05,565.2361821121725,-1884.6944512591883
351190.154,555.7902016809438,-1870.0928176896941
354256.806,546.5156799843769,-1855.5592495176215
357350.236,537.4096590430487,-1841.0952186489776
360470.678,528.4692105184603,-1826.7021018307112
363618.368,519.6914427803968,-1812.3811936016934
366793.545,511.0734988904824,-1798.133705015744
369996.448,502.61256533915906,-1783.9607802123137
373227.319,494.30586418857985,-1769.863485779091
376486.403,486.1506538115238,-1755.8428139440457
379773.945,478.1442367295563,-1741.8996982985157
383090.195,470.2839474869183,-1728.0349951305554
386435.403,462.567165141528,-1714.2495073824282
389809.822,454.9913060705298,-1700.5439744655716
393213.706,447.55382861179714,-1686.919082925701
396647.314,440.25222434774014,-1673.3754528251422
400110.905,433.0840290856961,-1659.913660152119
403604.741,426.0468161887128,-1646.5342270074814
407129.085,419.1382005367966,-1633.2376314674714
410684.205,412.3558305152111,-1620.0242945584712
414270.368,405.6973995154493,-1606.894604828019
417887.846,399.16063418708495,-1593.848897902135
421536.913,392.7433000542948,-1580.8874696695407
425217.844,386.4432028359517,-1568.0105814664464
428930.918,380.25818290006526,-1555.218451203406
432676.415,374.186120104741,-1542.511265577241
436454.618,368.22493003325275,-1529.8891746994425
440265.813,362.3725637615218,-1517.3522938142892
444110.288,356.62700907006325,-1504.9007081642437
447988.333,350.9862899573203,-1492.5344743284359
451900.243,345.44846195470757,-1480.2536121632359
455846.311,340.01162169881235,-1468.0581282283217
459826.838,334.673892437383,-1455.9479858099987
463842.123,329.43343746310086,-1443.923137194524
467892.47,324.2884500901083,-1431.9835033233685
471978.186,319.23715606919126,-1420.1289812818193
476099.579,314.2778155705484,-1408.359451172558
480256.96,309.40872015265035,-1396.674771248602
484450.644,304.6281912410094,-1385.0747762911014
488680.949,299.93458096636596,-1373.559281603238
492948.193,295.32627493799805,-1362.1280920069926
497252.699,290.80168620293415,-1350.7809891133088
501594.793,286.3592571288915,-1339.5177378442297
505974.803,281.99745995396694,-1328.3380898702017
510393.06,277.7147952628774,-1317.2417817822109
514849.898,273.50979155454354,-1306.2285359269545
519345.654,269.3810048073029,-1295.2980612060128
523880.667,265.3270189245212,-1284.4500562130056
528455.281,261.34644260470554,-1273.684202770022
533069.841,257.4379124815374,-1263.000176196323
537724.696,253.60009001843562,-1252.3976388207464
542420.199,249.83166118712953,-1241.876240809391
547156.703,246.13133922199816,-1231.4356297016288
551934.567,242.49785937370987,-1221.0754375489873
556754.152,238.92998171160906,-1210.7952904709398
561615.823,235.426489173189,-1200.5948048459557
566519.947,231.98618862001183,-1190.4735920824412
571466.894,228.60790964815592,-1180.4312569162055
576457.039,225.29050286166068,-1170.4673939113793
581490.758,222.03284219008273,-1160.581596016733
586568.433,218.8338211960863,-1150.7734450765063
591690.447,215.69235594731353,-1141.0425221242915
596857.188,212.60738209056177,-1131.3884000268251
602069.045,209.57785690713874,-1121.8106514382198
607326.413,206.60275597179995,-1112.3088398690466
612629.689,203.68107516523438,-1102.8825275068918
617979.274,200.81182915422139,-1093.5312718989308
623375.573,197.9940510822708,-1084.2546263809675
628818.993,195.22679326407723,-1075.052143838549
634309.946,192.50912528021152,-1065.9233718707083
639848.847,189.8401346931974,-1056.8678565470332
645436.114,187.2189266832796,-1047.8851426273573
651072.171,184.6446223389589,-1038.974769066778
656757.442,182.1163611174769,-1030.1362788545184
662492.359,179.63329690002428,-1021.3692066754695
668277.353,177.1946016799813,-1012.6730931353497
674112.863,174.79946135330783,-1004.0474712187927
679999.33,172.4470780248995,-995.4918757041037
685937.198,170.1366692387429,-987.0058417524889
691926.917,167.86746653252055,-978.588900851012
697968.939,165.63871672425645,-970.2405867589207
704063.721,163.44968048333658,-961.9604314492711
710211.723,161.29963280579776,-953.7479680791945
716413.411,159.18786170015804,-945.6027271649258
722669.253,157.11366932951876,-937.5242421081325
728979.723,155.07637039505394,-929.5120441132904
735345.296,153.07529352276578,-921.5656687537128
741766.454,151.10977908007848,-913.6846485064141
748243.684,149.17917964449268,-905.8685156024657
754777.473,147.28286123278036,-898.1168081409363
761368.317,145.4202004011883,-890.4290594035365
768016.713,143.59058637328212,-882.8048075636502
774723.163,141.79341964165317,-875.243591028787
781488.176,140.0281112636836,-867.7449464409112
788312.262,138.29408424536578,-860.3084155319741
795195.937,136.59077199842653,-852.9335396177142
802139.721,134.91761866585216,-845.6198619476921
809144.14,133.27407844525254,-838.3669257221859
816209.722,131.65961634191686,-831.1742783680629
823337.003,130.07370658355765,-824.0414654686552
830526.52,128.5158340305784,-816.9680379831374
837778.817,126.98549263905124,-809.9535462845972
845094.442,125.48218595573817,-802.9975432756331
852473.948,124.00542672512061,-796.0995834933358
859917.894,122.55473653148192,-789.2592223049303
867426.841,121.12964640954789,-782.4760196671184
875001.358,119.72969551375388,-775.7495347055168
882642.017,118.35443192092895,-769.0793303574626
890349.395,117.00341207919676,-762.4649716007026
898124.075,115.67620048546863,-755.9060246931731
905966.646,114.37236955553081,-749.4020573144365
913877.698,113.09150029345801,-742.9526427395328
921857.832,111.83318050232687,-736.557351673951
929907.649,110.59700643001956,-730.2157613097714
938027.759,109.38258119467267,-723.9274481247747
946218.775,108.18951558445244,-717.6919927199257
954481.316,107.01742745853824,-711.5089775002181
962816.007,105.86594162821545,-705.377986773131
971223.478,104.7346898716168,-699.2986075570665
979704.364,103.62331079931813,-693.2704296052809
988259.307,102.53144947041424,-687.2930440411047
996888.953,101.45875766371353,-681.3660455362907
1005593.955,100.40489337432285,-675.4890302557591
1014374.97,99.3695210681209,-669.6615979555663
1023232.663,98.35231108826105,-663.8833493436146
1032167.702,97.35294012955221,-658.1538894270474
1041180.763,96.37109055041729,-652.472824275062
1050272.529,95.40645040176439,-646.8397617903867
1059443.685,94.4587138464757,-641.2543148233009
1068694.925,93.52758030758831,-635.7160968478552
1078026.948,92.61275479479997,-630.2247244869344
1087440.46,91.71394760343507,-624.7798163462382
1096936.173,90.83087432055925,-619.3809936555778
1106514.804,89.9632558172073,-614.0278808465877
1116177.077,89.11081796690577,-608.7201044366519
1125923.722,88.27329164813594,-603.457293629671
1135755.477,87.45041248631276,-598.2390792781431
1145673.085,86.6419210252578,-593.065095536397
1155677.294,85.84756262574066,-587.9349798226423
1165768.862,85.06708698473048,-582.8483702823166
1175948.552,84.30024845986887,-577.8049084192497
1186217.132,83.54680597230265,-572.8042390504202
1196575.379,82.80652262970546,-567.8460083627291
1207024.076,82.07916587642994,-562.9298654298611
1217564.013,81.3645073432228,-558.055461743883
1228195.986,80.66232283927658,-553.2224516937337
1238920.8,79.97239208103139,-548.4304912222801
1249739.264,79.29449894691244,-543.6792401016664
1260652.197,78.62843102090933,-538.9683592709144
1271660.424,77.97397978198845,-534.2975126462622
1282764.776,77.3309405274262,-529.6663670967538
1293966.093,76.69911213070192,-525.0745911999254
1305265.222,76.07829709805159,-520.5218561192489
1316663.017,75.46830150233042,-516.0078356085318
1328160.34,74.86893486642508,-511.53220562829347
1339758.059,74.2800102060224,-507.09464513777004
1351457.051,73.70134381318745,-502.69483494130566
1363258.201,73.13275525445835,-498.3324581153451
1375162.4,72.57406740788508,-494.0072007531815
1387170.549,72.02510621550933,-489.71875050838213
1399283.555,71.48570081702346,-485.4667980678134
1411502.334,70.9556833560829,-481.251036081547
1423827.809,70.43488901660947,-477.0711598795447
1436260.913,69.92315584320218,-472.92686646302127
1448802.584,69.42032489811348,-468.8178561951535
1461453.771,68.92623996331044,-464.7438308081534
1474215.431,68.44074761827729,-460.70449443328994
1487088.528,67.96369722665649,-456.6995539112241
1500074.034,67.49494084665784,-452.72871846254264
1513172.932,67.03433307867304,-448.7916987930659
1526386.212,66.5817311664146,-444.88820833942196
1539714.873,66.13699487912002,-441.01796266169976
1553159.922,65.69998650131426,-437.1806797439588
1566722.375,65.27057075549595,-433.3760797069172
1580403.258,64.8486147304252,-429.6038845479889
1594203.604,64.43398793318168,-425.8638189817866
1608124.457,64.02656212535454,-422.15560934589314
1622166.87,63.62621134706977,-418.4789841727731
1636331.904,63.232811904758414,-414.8336744489816
1650620.628,62.84624232846675,-411.21941359559906
1665034.125,62.46638317388449,-407.63593596916365
1679573.482,62.09311725478069,-404.08297939011607
1694239.8,61.726329341658534,-400.5602826531615
1709034.186,61.36590633334517,-397.0675874989039
1723957.759,61.011737070090426,-393.60463716602385
1739011.648,60.66371235229752,-390.17117689592556
1754196.989,60.321724974236474,-386.7669546090426
1769514.932,59.985669531221276,-383.3917193261926
1784966.633,59.655442567716925,-380.045222968601
1800553.262,59.330942369976725,-376.7272185992544
1816275.995,59.012069105673554,-373.43746215857385
1832136.022,58.6987246262418,-370.1757107622082
1848134.541,58.39081256055306,-366.94172397400155
1864272.762,58.088238205467675,-363.73526298075825
1880551.905,57.79090853681841,-360.55609100996395
1896973.199,57.49873219727763,-357.403973514492
1913537.888,57.21161936217492,-354.27867702728406
1930247.222,56.92948187180812,-351.17997088872283
1947102.464,56.65223308031342,-348.1076259077842
1964104.89,56.37978783398102,-345.0614143986518
1981255.784,56.11206252654763,-342.04111108703785
1998556.442,55.84897500744353,-339.04649237945046
2016008.172,55.590444558600225,-336.0773363784298
2033612.294,55.33639187140945,-333.13342289565594
2051370.137,55.086739065475385,-330.2145339519292
2069283.046,54.84140956592253,-327.32045262335424
2087352.373,54.600328206671676,-324.4509645218541
2105579.484,54.36342110974884,-321.60585664985655
2123965.757,54.13061569186328,-318.78491773684146
2142512.583,53.90184063054213,-315.9879380932351
2161221.362,53.677025891680394,-313.21471021296236
2180093.51,53.45610262276189,-310.46502772478476
2199130.452,53.23900321679327,-307.7386864356572
2218333.629,53.025661210300264,-305.0354833146415
2237704.49,52.81601135404807,-302.35521763531864
2257244.501,52.60998949343356,-299.6976897100234
2276955.139,52.407532616156146,-297.0627017378482
2296837.894,52.20857881120315,-294.45005752510207
2316894.268,52.01306726014625,-291.8595626163612
2337125.777,51.82093819901521,-289.29102403345087
2357533.952,51.63213289249524,-286.7442501631974
2378120.334,51.44659366301488,-284.2190513857537
2398886.48,51.2642638176453,-281.7152393235639
2419833.959,51.08508766795836,-279.2326273392808
2440964.355,50.90901048703813,-276.77103017453857
2462279.266,50.73597850267192,-274.33026407789004
2483780.302,50.56593889716885,-271.91014703085443
2505469.088,50.398839766895364,-269.51049840140325
2527347.265,50.23463010047576,-267.1311388465089
2549416.485,50.07325980152808,-264.7718908600061
2571678.418,49.91467962146723,-262.4325780140796
2594134.745,49.75884119621593,-260.1130257093947
2616787.165,49.60569698197199,-257.8130604398959
2639637.39,49.455200276609666,-255.53251031748414
2662687.147,49.30730519164051,-253.2712048627002
2685938.178,49.16196663873767,-251.02897500619073
2709392.241,49.01914031038576,-248.80565299506443
2733051.109,48.87878267331324,-246.60107249255896
2756916.57,48.7408509554004,-244.4150685760548
2780990.428,48.60530312718292,-242.24747764489635
2805274.503,48.4720978897861,-240.0981374242054
2829770.631,48.34119466296335,-237.96688696749013
2854480.663,48.21255357838392,-235.8535667429155
2879406.467,48.08613545722421,-233.75801845979575
2904549.928,47.961901799234596,-231.68008507532136
2929912.945,47.83981478613348,-229.61961104160397
2955497.437,47.71983724122091,-227.57644181424644
2981305.336,47.601932652138295,-225.55042442103138
3007338.595,47.48606512280185,-223.541406825248
3033599.18,47.3721993995265,-221.5492385550943
3060089.077,47.26030082923665,-219.57377016038689
3086810.289,47.15033536308963,-217.61485344918069
3113764.834,47.04226955423955,-215.67234162887743
3140954.752,46.93607051979576,-213.74608879980096
3168382.096,46.831705967244595,-211.83595060343632
3196048.94,46.72914415336767,-209.94178365123975
3223957.376,46.62835388717494,-208.06344574323208
3252109.512,46.52930452769026,-206.2007959988249
3280507.479,46.431965950309355,-204.35369439304165
3309153.42,46.33630857631646,-202.52200247952905
3338049.504,46.24230331645022,-200.7055824824287
3367197.912,46.149921609317815,-198.90429819339423
3396600.849,46.059135373646946,-197.11801421257613
3426260.538,45.969917019938485,-195.3465963298553
3456179.22,45.88223944193699,-193.58991151858316
3486359.157,45.79607599976586,-191.8478277571099
3516802.63,45.71140051821541,-190.12021414857094
3547511.941,45.62818727351986,-188.40694080681973
3578489.411,45.54641099147999,-186.70787897046395
3609737.381,45.466046837209475,-185.02290094441858
3641258.214,45.387070402902665,-183.35187999376623
3673054.292,45.30945770849135,-181.69469050590442
3705128.018,45.23318518947906,-180.05120788183203
3737481.818,45.15822968560967,-178.4213084372943
3770118.136,45.08456844590013,-176.8048696569706
3803039.441,45.01217910592627,-175.2017698432518
3836248.219,44.941039699310565,-173.61188851112658
3869746.983,44.87112862949977,-172.0351059031101
3903538.263,44.802424685023716,-170.4713034692071
3937624.614,44.734907016410794,-168.92036348668375
3972008.613,44.66855513663451,-167.3821692044217
4006692.859,44.603348915110885,-165.85660484171896
4041679.974,44.53926856995266,-164.3435555435483
4076972.601,44.47629466585314,-162.8429074659991
4112573.41,44.414408097749615,-161.35454752082833
4148485.092,44.35359009622596,-159.87836363379088
4184710.36,44.29382221995118,-158.4142446964406
4221251.953,44.23508634370305,-156.96208040346266
4258112.634,44.17736465672306,-155.52176133789
4295295.188,44.12063966060763,-154.0931790474644
4332802.426,44.0648941579809,-152.67622588790138
4370637.184,44.01011124930271,-151.27079506504168
4408802.322,43.956274329478774,-149.87678067237542
4447300.723,43.9033670842971,-148.49407772421023
4486135.3,43.8513734761406,-147.12258190458303
4525308.986,43.800277753088956,-145.7621899257803
4564824.744,43.75006443092594,-144.41279917380015
4604685.56,43.70071829797414,-143.074307953913
4644894.447,43.65222440550003,-141.74661535148144
4685454.445,43.60456806357327,-140.4296212344488
4726368.619,43.557734839216245,-139.12322631840544
4767640.063,43.51171054763353,-137.82733203781032
4809271.897,43.466481251686815,-136.54184064357244
4851267.266,43.422033258798294,-135.26665523035933
4893629.346,43.37835311061879,-134.00167955316311
4936361.339,43.33542758460903,-132.74681818157669
4979466.474,43.293243689060276,-131.5019764667253
5022948.011,43.25178865549605,-130.26706042618866
5066809.236,43.21104993995325,-129.04197688893964
5111053.465,43.17101521552533,-127.82663338046729
5155684.042,43.13167237073756,-126.62093817917781
5200704.34,43.093009505133075,-125.42480028772937
5246117.763,43.05501492420718,-124.23812938061671
5291927.744,43.017677137850725,-123.06083585830184
5338137.745,42.98098485699728,-121.89283084545637
5384751.26,42.94492698801869,-120.73402611478025
5431771.812,42.90949263197801,-119.58433416318289
5479202.955,42.874671079931886,-118.44366816082099
5527048.275,42.84045180920593,-117.31194192792609
5575311.388,42.80682448187152,-116.1890699826172
5623995.943,42.7737789396832,-115.07496747008183
5673105.619,42.74130520328224,-113.96955023200992
5722644.13,42.70939346603023,-112.872734693135
5772615.219,42.67803409518963,-111.78443799581788
5823022.664,42.64721762529785,-110.70457786619684
5873870.275,42.616934757442145,-109.63307268074284
5925161.896,42.58717635541164,-108.5698414231834
5976901.404,42.55793344373349,-107.51480370572038
6029092.71,42.52919720455827,-106.46787974793573
6081739.76,42.50095897465952,-105.42899035720875
6134846.532,42.47321024460337,-104.39805698757085
6188417.042,42.44594265317824,-103.37500162192062
6242455.338,42.419147988202766,-102.359746888643
6296965.506,42.392818181166085,-101.3522159466455
6351951.665,42.36694530746018,-100.35233257925574
6407417.973,42.341521581287395,-99.36002108351907
6463368.622,42.3165393558734,-98.37520636160752
6519807.842,42.29199111948449,-97.39781384851469
6576739.898,42.26786949467279,-96.4277695644226
6634169.095,42.24416723408484,-95.46500002860353
6692099.773,42.220877220585926,-94.50943234465659
6750536.311,42.197992463608614,-93.56099413235074
6809483.128,42.17550609690447,-92.6196135129333
6868944.677,42.15341137893881,-91.68521920457665
6928925.455,42.13170168724349,-90.75774036289762
6989429.995,42.11037051962723,-89.8371067077405
7050462.871,42.089411490549864,-88.92324844457552
7112028.696,42.06881833010429,-88.01609629510581
7174132.124,42.048584881625516,-87.11558146705276
7236777.85,42.02870510005095,-86.2216356546485
7299970.609,42.00917305060359,-85.33419105261713
7363715.177,41.98998290685368,-84.4531803409933
7428016.374,41.97112894827103,-83.5785366439165
7492879.06,41.95260555990756,-82.71019358485869
7558308.137,41.93440723027016,-81.84808525788183
7624308.552,41.91652854903823,-80.99214618822917
7690885.294,41.89896420648996,-80.14231137218266
7758043.396,41.881708991552586,-79.29851625052444
7825787.933,41.86475779094297,-78.46069673311098
7894124.026,41.848105586806284,-77.62878914828187
7963056.842,41.83174745546706,-76.80273024408281
8032591.591,41.81567856687987,-75.98245722415368
8102733.529,41.79989418265651,-75.16790771078196
8173487.958,41.78438965487124,-74.35901974495003
8244860.227,41.769160424673686,-73.55573177483508
8316855.73,41.754202021569405,-72.7579826779725
8389479.91,41.73951006145577,-71.9657117160518
8462738.257,41.725080245973395,-71.17885855739326
8536636.308,41.71090836143287,-70.39736327604209
8611179.649,41.696990277394036,-69.6211663298799
8686373.915,41.683321945683325,-68.85020856068526
8762224.79,41.66989939942964,-68.08443119383232
8838738.007,41.656718752119446,-67.32377583764733
8915919.351,41.643776196175395,-66.56818445329787
8993774.655,41.63106800276252,-65.81759939400997
9072309.805,41.61859052009721,-65.07196335560232
9151530.737,41.60634017312619,-64.33121940530907
9231443.439,41.5943134624066,-63.5953109619866
9312053.952,41.582506963200494,-62.86418178670937
9393368.371,41.57091732461284,-62.13777597385738
9475392.84,41.55954126959263,-61.41603799506226
9558133.56,41.54837559311109,-60.69891262705072
9641596.787,41.5374171618353,-59.986344970229766
9725788.828,41.52666291402742,-59.27828048203279
9810716.048,41.51610985803403,-58.57466491650363
9896384.868,41.50575507201475,-57.87544434173134
9982801.761,41.495595703881534,-57.18056517141875
10069973.262,41.48562896960453,-56.48997408322727
10157905.958,41.47585215392414,-55.80361809885494
10246606.498,41.46626260876511,-55.12144450415274
10336081.586,41.45685775361863,-54.443400903689685
10426337.985,41.44763507471296,-53.769435188750876
10517382.518,41.43859212457209,-53.09949552964466
10609222.068,41.42972652170941,-52.43353037555049
10701863.575,41.4210359506218,-51.7714884753455
10795314.044,41.412518160772315,-51.11331881938807
10889580.538,41.40417096703273,-50.45897068931125
10984670.183,41.395992249024815,-49.80839362176505
11080590.167,41.38797995105765,-49.16153741505895
11177347.74,41.38013208199521,-48.51835212832958
11274950.216,41.372446714995824,-47.87878806743754
11373404.974,41.364921987381706,-47.2427957781392
11472719.455,41.35755610084127,-46.61032606481777
11572901.167,41.35034732105223,-45.98132995745221
11673957.682,41.34329397794876,-45.35575873018455
11775896.64,41.33639446551255,-44.733563875613086
11878725.746,41.329647242095525,-44.114697122729666
11982452.773,41.32305083036003,-43.4991104177108
12087085.562,41.316603817468106,-42.88675592340082
12192632.021,41.3103048553606,-42.277586024264984
12299100.131,41.30415266065889,-41.671553291052525
12406497.937,41.29814601549178,-41.068610531666316
12514833.56,41.29228376713893,-40.46871072211644
12624115.187,41.28656482897028,-39.87180706207433
12734351.079,41.280988180418966,-39.27785292934732
12845549.57,41.27555286750571,-38.686801885189674
12957719.065,41.270258003434996,-38.09860768411696
13070868.043,41.26510276898482,-37.513224256944255
13185005.056,41.26008641313665,-36.930605715141866
13300138.733,41.25520825352682,-36.3507063295343
13416277.777,41.25046767725539,-35.77348054493893
13533430.966,41.24586414155347,-35.19888297388455
13651607.157,41.24139717439038,-34.6268683760896
13770815.282,41.237066375443746,-34.05739167721008
13891064.352,41.23287141680437,-33.49040794837977
14012363.457,41.22881204389157,-32.925872405521524
14134721.767,41.22488807638225,-32.36374040386553
14258148.53,41.22109940928477,-31.803967446121497
14382653.076,41.217446013872326,-31.246509163051925
14508244.816,41.21392793883408,-30.69132131718536
14634933.245,41.21054531136414,-30.13835978862638
14762727.939,41.20729833847322,-29.58758058734623
14891638.557,41.20418730821205,-29.038939843138667
15021674.844,41.20121259094143,-28.492393791858532
15152846.63,41.198374640763426,-27.94789877890262
15285163.83,41.19567399698123,-27.405411258095555
15418636.446,41.19311128557893,-26.86488778233624
15553274.567,41.190687220809366,-26.326285002604862
15689088.371,41.18840260680926,-25.789559658921377
15826088.124,41.186258339335055,-25.254668583332506
15964284.182,41.184255407512396,-24.721568690923295
16103686.99,41.182394895702295,-24.19021698257285
16244307.088,41.1806779853442,-23.660570521049614
16386155.104,41.17910595704374,-23.13258645663395
16529241.76,41.17768019255931,-22.606222003167623
16673577.874,41.17640217693235,-22.081434429964304
16819174.354,41.1752735007599,-21.558181082623122
16966042.208,41.17429586240296,-21.036419345661468
17114192.536,41.17347107042581,-20.516106670301607
17263636.537,41.172801046000245,-19.997200548362002
17414385.509,41.172287825453395,-19.47965851155916
17566450.846,41.171933562900605,-18.96343814075975
17719844.043,41.171740532934564,-18.44849704768769
17874576.695,41.171711133427664,-17.934792877419873
18030660.499,41.17184788841685,-17.422283300706457
18188107.253,41.172153451080504,-16.910926016266565
18346928.858,41.17263060680789,-16.400678743140283
18507137.32,41.17328227637132,-15.89149921332355
18668744.749,41.174111519186106,-15.383345174053346
18831763.362,41.175121536684685,-14.876174377374515
18996205.48,41.176315675758694,-14.369944588541824
19162083.535,41.177697432367665,-13.86461356340763
19329410.064,41.179270455162765,-13.360139066012799
19498197.717,41.18103854932715,-12.856478843364531
19668459.252,41.18300568041329,-12.353590639774838
19840207.539,41.185175978371674,-11.851432183990351
20013455.562,41.18755374168309,-11.349961182689961
20188216.414,41.1901434415051,-10.849135334176387
20364503.309,41.192949726175684,-10.348912293113806
20542329.569,41.195977425468925,-9.84924970708349
20721708.639,41.19923155540157,-9.350105173355761
20902654.077,41.202717322760066,-8.85143626657872
21085179.56,41.20644013001325,-8.353200521306755
21269298.887,41.21040558031848,-7.855355423472469
21455025.975,41.21461948250676,-7.357858420892759
21642374.863,41.21908785635846,-6.860666911962866
21831359.712,41.223816937928724,-6.3637382453498486
22021994.809,41.228813185106375,-5.867029709245846
22214294.564,41.2340832831331,-5.370498539119776
22408273.513,41.23963415040585,-4.874101909704548
22603946.318,41.24547294434043,-4.377796934927563
22801327.771,41.25160706749432,-3.881540657785038
23000432.792,41.258044173655435,-3.3852900555933907
23201276.431,41.264792174188,-2.889002035101024
23403873.871,41.27185924456593,-2.392633425391482
23608240.426,41.27925383088288,-1.896140983231307
23814391.544,41.286984656676594,-1.3994813861582127
24022342.808,41.2950607298381,-0.9026112306824565
24232109.937,41.30349134967,-0.4054870306000282
24443708.788,41.31228611413735,0.0919347869189604
24657155.356,41.321454927190565,0.5896978803632074
24872465.775,41.33100800627739,1.0878459952050594
25089656.32,41.340955890053806,1.5864229673794177
25308743.41,41.35130944630471,2.085472728788522
25529743.605,41.36207987974,2.585039298949214
25752673.611,41.37327874031659,3.0851667947906662
25977550.28,41.384917931488836,3.585899428800788
26204390.609,41.397009718550294,4.087281504919339
26433211.746,41.40956673750111,4.589357429766409
26664030.987,41.422602003601526,5.092171703689839
26896865.781,41.4361289205126,5.5957689292626736
27131733.727,41.45016128914518,6.100193802112214
27368652.58,41.46471331718213,6.605491121056666
27607640.247,41.479799628163526,7.111705776497503
27848714.796,41.49543527152557,7.6188827663087135
28091894.447,41.51163573165818,8.127067173350683
28337197.585,41.528416938529126,8.636304189134478
28584642.75,41.54579527694785,9.14663908899885
28834248.648,41.56378759738666,9.658117250849036
29086034.147,41.5824112259319,10.17078414242438
29340018.279,41.60168397478001,10.684685320824999
29596220.242,41.62162415288228,11.199866431714026
29854659.405,41.642250576977844,11.716373214168744
30115355.302,41.663582581895355,12.234251483198372
30378327.639,41.685640032001174,12.753547138092431
30643596.294,41.708443332235944,13.274306156364467
30911181.32,41.732013439526625,13.796574593323395
31181102.943,41.75637187388351,14.320398571545248
31453381.568,41.78154073031761,14.845824285639692
31728037.775,41.80754268997235,15.372897987247367
32005092.326,41.834401032367914,15.901665990978085
32284566.163,41.862139646918735,16.432174662610763
32566480.414,41.89078304532132,16.964470422214266
32850856.387,41.92035637283416,17.498599724150452
33137715.578,41.950885421039864,18.034609063235173
33427079.672,41.982396640007686,18.57254496715462
33718970.542,42.014917150293535,19.112453984833536
34013410.252,42.0484747554254,19.6543826818877
34310421.059,42.08309795434719,20.198377633759826
34610025.415,42.11881595391657,20.744485418415127
34912245.966,42.155658681077824,21.292752603161777
35217105.557,42.19365679577795,21.843225741979207
35524627.233,42.23284170344294,22.39595136506012
35834834.241,42.273245567586535,22.950975969722503
36147750.028,42.31490132188766,23.508346003740616
36463398.248,42.35784268343165,24.068107864309873
36781802.761,42.402104164900145,24.630307882196
37102987.636,42.447721087256355,25.1949923125496
37426977.152,42.49472959211684,25.76220732168379
37753795.798,42.54316665390578,26.33199897165339
38083468.279,42.593070092825755,26.90441321480701
38416019.516,42.64447858689264,27.479495877299655
38751474.646,42.69743168384372,28.05729264217275
39089859.027,42.75196981371794,28.637849040553462
39431198.236,42.80813430021613,29.221210430264765
39775518.077,42.865967373545786,29.80742199105471
40122844.577,42.92551218116613,30.396528698742223
40473203.99,42.9868127996615,30.98857531254857
40826622.8,43.04991424629988,31.583606360129306
41183127.723,43.11486249023711,32.18166612035074
41542745.706,43.18170446295048,32.78279860051522
41905503.934,43.25048806991258,33.387047526446366
42271429.828,43.32126220037883,33.99445631693594
42640551.048,43.39407673782176,34.60506806603627
43012895.496,43.46898257011203,35.21892552476643
43388491.319,43.5460315994298,35.83607108223413
43767366.907,43.6252767508336,36.456546738000156
44149550.901,43.7067719825554,37.08039409031937
44535072.189,43.790572293462326,37.7076543041489
44923959.914,43.876733732686695,38.338368098230845
45316243.472,43.96531340674343,38.9725757153038
45711952.516,44.05636948753538,39.61031690155216
46111116.957,44.14996121927766,40.25163088064646
46513766.97,44.24614892615892,40.89655633527735
46919932.99,44.3449940171928,41.54513137210185
47329645.72,44.446558993429214,42.19739350541842
47742936.13,44.55090745253561,42.85337962588997
48159835.461,44.658104094074275,43.51312597674545
48580375.227,44.768214723768075,44.17666812627304
49004587.217,44.88130625720844,44.844040939821184
49432503.498,44.99744672325962,45.51527855288172
49864156.415,45.11670526605881,46.190414338985946
50299578.598,45.239152148326674,46.86948088809099
50738802.96,45.36485875159246,47.552509970401715
51181862.704,45.49389757828883,48.23953251379288
51628791.319,45.62634225003727,48.93057856368317
52079622.59,45.762267509313574,49.625677264204555
52534390.595,45.90174921662934,50.32485681879663
52993129.711,46.044864349659534,51.02814446431928
53455874.614,46.19169099982907,51.73556643552415
53922660.283,46.34230836937184,52.44714793530497
54393522.003,46.496796767339724,53.16291310303134
54868495.366,46.655237604171944,53.88288497949888
55347616.277,46.81771338712275,54.607085479138576
55830920.952,46.98430771220888,55.3355353497856
56318445.924,47.15510525799704,56.06825414427948
56810228.046,47.3301917775835,56.80526018721116
57306304.492,47.50965408899667,57.54657053841928
57806712.761,47.69358006577998,58.29220096075389
58311490.679,47.88205862597871,59.0421658846199
58820676.403,48.07517972096556,59.796478375297966
59334308.421,48.27303432184325,60.555150094153326
59852425.561,48.4757144083696,61.3181912729932
60375066.986,48.683312951564446,62.08561066759772
60902272.204,48.895923901178364,62.85741553326635
61434081.067,49.11364216792475,63.63361158405091
61970533.774,49.33656360627339,64.41420295783033
62511670.876,49.56478499711629,65.19919218423054
63057533.278,49.798404028227054,65.98858014813077
63608162.242,50.037519274123184,66.7823660546315
64163599.39,50.2822301749216,67.58054739404245
64723886.709,50.53263701507873,68.38311990977566
65289066.551,50.78884089890095,69.19007755912502
65859181.638,51.050943727222645,70.00141248132815
66434275.066,51.319048172652984,70.81711496427666
67014390.306,51.593257652387464,71.63717340710984
67599571.209,51.873676301819486,72.4615742886639
68189862.011,52.16040894717158,73.29030213606119
68785307.331,52.45356107367285,74.12333948368928
69385952.179,52.75323879749259,74.96066684649557
69991841.959,53.05954883425449,75.80226268647851
70603022.47,53.37259846544323,76.64810337672112
71219539.912,53.69249550626159,77.49816317269978
71841440.888,54.01934827040876,78.35241417837693
72468772.408,54.35326553480359,79.21082631544466
73101581.891,54.69435650217504,80.07336729023208
73739917.173,55.042730765816984,80.9400025692201
74383826.507,55.39849826900746,81.8106953440707
75033358.564,55.76176926377677,82.68540649859887
75688562.444,56.13265427419649,83.56409458972699
76349487.675,56.511264051986615,84.44671581273835
77016184.216,56.89770953320085,85.3332239725618
77688702.462,57.292101795000235,86.2235704583184
78367093.251,57.69455201261267,87.11770422107864
79051407.863,58.105171410540635,88.01557174168262
79741698.024,58.52407121557175,88.9171170059283
80438015.915,58.95136261183341,89.82228148695032
81140414.17,59.38715668815068,90.73100411395211
81848945.885,59.831564391062145,91.64322125605509
82563664.618,60.28469647127289,92.5588666952551
83284624.394,60.746663432139876,93.47787160671845
84011879.713,61.21757547913107,94.40016454369666
84745485.547,61.697542461198076,95.32567140933608
85485497.35,62.186673819494835,96.25431544596314
86231971.061,62.68507853064054,97.18601721637737
86984963.105,63.1928650475937,98.1206945837015
87744530.402,63.71014124489643,99.05826270223301
88510730.368,64.2370143576156,99.99863399935984
89283620.921,64.77359092268638,100.94171816478448
90063260.484,65.31997671726783,101.88742213716944
90849707.991,65.87627669824795,102.83565009560348
91643022.889,66.44259493802718,103.78630344740918
92443265.146,67.01903456364788,104.7392808244081
93250495.253,67.60569769079571,105.69447807321171
94064774.228,68.2026853583077,106.65178824926764
94886163.624,68.81009746477994,107.61110161692329
95714725.531,69.42803269997911,108.57230564376505
96550522.578,70.05658847534228,109.53528499648996
97393617.946,70.69586086196237,110.4999215508955
98244075.365,71.34594451583352,111.46609438484333
99101959.12,72.00693260902796,112.43367978323653
99967334.06,72.67891676253883,113.40255124785043
