group,table,fr_hz,zmax_ohm,fa_hz,zanti_ohm,fr_idx,fa_idx,search_lo_hz,search_hi_hz
y_short,exp_10,109066.077,2589.670023725714,212144.31,1099.8879783799998,799,875,53670.874,167486.979
y_short,exp_11,108115.466,2567.1275298971427,212144.31,1080.3812754342855,798,875,52739.371,164580.099
y_short,exp_12,110992.445,2570.9672759971427,371493.067,832.8661512415714,801,939,54142.778,168959.616
y_long,exp_14,108115.466,2566.785841371429,206645.425,1110.7359409528572,798,872,52739.371,164580.099
y_long,exp_15,110992.445,2628.71868224,378054.526,880.1487711865714,801,941,54618.831,170445.201
y_long,exp_16,259000.0,337.1428571428571,607000.0,76.6857142857143,894,991,139000.0,435000.0
delta,exp_18,71022.889,1509.147065985714,144327.588,593.7381149964285,750,831,39162.603,122212.022
delta,exp_19,69790.226,1968.4474498528568,143069.641,767.9006010221427,748,830,38482.903,120090.928
delta,exp_20,254959.114,437.3233597355714,575498.154,108.68218220899999,896,989,143069.641,446467.516
