rank,cost,nfev,status,message
1,332176.8557205514,20,2,`ftol` termination condition is satisfied.
2,332176.85592877655,20,2,`ftol` termination condition is satisfied.
3,332784.8801451359,17,2,`ftol` termination condition is satisfied.
4,332794.5930097936,21,2,`ftol` termination condition is satisfied.
5,332794.59304773156,16,2,`ftol` termination condition is satisfied.
6,332794.5932812632,14,2,`ftol` termination condition is satisfied.
7,332804.1809420357,19,2,`ftol` termination condition is satisfied.
8,332804.1810350245,17,2,`ftol` termination condition is satisfied.
9,332804.26339442976,38,2,`ftol` termination condition is satisfied.
10,332807.65997113194,30,2,`ftol` termination condition is satisfied.
11,337457.53117393196,72,2,`ftol` termination condition is satisfied.
